Nom de la commune;code commune;Agriculture, sylviculture et pêche;Fabrication de denrées alimentaires, de boissons et de produits à base de tabac;Cokéfaction et raffinage;Fabrication d’équipements électriques, électroniques, informatiques : fabrication de machines;Fabrication de matériels de transport;Fabrication d’autres produits industriels;Industries extractives, énergie, eau, gestion des déchets et dépollution;Construction;Commerce : réparation d'automobiles et de motocycles;Transports et entreposage;Hébergement et restauration;Information et communication;Activités financières et d'assurance;Activités immobilières;Activités spécialisées, scientifiques et techniques et activités de services administratifs et de soutien;Administration publique, enseignement, santé humaine et action sociale;Autres activités de services
Marseille;13055;28;577;0;57;12;546;135;3 298;6 222;1 069;3 392;1 053;1 369;944;5 625;4 186;3 133
Lyon;69123;21;395;2;36;7;377;108;1 104;4 468;429;3 206;1 828;1 572;934;7 116;2 798;2 915
Paris;75056;112;1 768;0;169;31;2 532;355;8 561;27 316;3 115;20 095;17 523;9 459;7 326;58 811;12 676;18 153
Toulouse;31555;20;252;1;69;31;343;101;1 437;3 306;404;2 077;1 002;1 005;730;4 287;2 288;2 259
Nice;06088;27;253;0;12;5;217;50;1 850;3 050;512;2 025;419;700;791;3 197;1 826;1 393
Nantes;44109;13;166;0;21;9;138;58;484;1 712;221;1 294;823;688;374;2 678;1 461;1 578
Montpellier;34172;56;160;0;29;4;137;53;1 182;1 915;216;1 479;644;507;422;2 331;1 554;1 521
Strasbourg;67482;11;205;0;19;4;147;58;640;1 873;317;1 400;433;564;387;2 083;1 778;1 457
Bordeaux;33063;17;204;0;18;6;190;44;674;2 511;215;1 846;825;893;624;3 158;1 632;1 575
Lille;59350;5;131;0;14;2;101;34;469;1 918;269;1 593;660;512;349;2 013;1 342;1 233
Rennes;35238;11;109;0;11;4;78;39;379;1 377;115;896;458;471;270;1 917;1 054;1 293
Toulon;83137;13;93;0;3;2;70;25;560;860;109;601;96;234;152;802;786;541
Reims;51454;39;127;0;17;6;116;31;398;1 113;187;585;139;338;147;1 016;811;631
Saint-Étienne;42218;7;117;0;26;8;234;28;551;1 180;130;573;187;309;149;1 163;818;660
Le Havre;76351;9;106;0;9;4;102;34;277;883;344;559;85;232;123;777;696;499
Villeurbanne;69266;3;74;0;16;9;103;30;546;679;115;416;265;205;68;1 035;557;481
Dijon;21231;12;109;0;14;2;79;44;302;1 008;138;629;170;378;160;993;911;774
Angers;49007;9;106;0;5;4;64;17;204;1 027;58;630;182;290;183;1 003;804;782
Grenoble;38185;4;109;0;46;5;78;20;412;1 101;74;863;317;311;190;1 227;825;846
Saint-Denis;974411;;;;;;;;;;;;;;;;;
Nîmes;30189;74;99;0;16;4;152;52;636;1 414;156;622;140;335;178;1 074;836;682
Aix-en-Provence;13001;60;125;0;29;8;153;45;565;1 702;154;828;465;508;272;1 968;973;725
Saint-Denis;93066;1;92;0;6;4;54;33;803;898;346;516;268;133;86;800;475;397
Clermont-Ferrand;63113;17;77;0;25;1;116;34;359;1 152;126;732;217;323;151;1 081;750;717
Le Mans;72181;8;92;0;15;11;112;23;258;865;109;457;136;298;109;892;766;655
Brest;29019;7;69;0;17;10;68;18;244;873;72;497;136;217;117;683;593;515
Tours;37261;10;73;0;6;0;73;26;210;982;89;675;199;323;160;909;715;653
Amiens;80021;14;66;1;10;5;78;21;224;768;106;456;109;201;108;632;734;616
Annecy;74010;15;98;0;34;7;159;19;584;1 315;134;606;197;340;222;1 185;602;594
Limoges;87085;47;85;0;24;4;136;34;321;1 024;111;518;102;271;140;849;712;592
Metz;57463;10;66;0;11;6;59;26;404;992;119;611;165;275;155;876;808;553
Perpignan;66136;53;76;0;15;7;113;27;479;1 434;173;543;115;292;162;992;701;541
Boulogne-Billancourt;92012;7;58;0;8;5;59;21;340;963;104;539;862;403;248;2 162;516;478
Besançon;25056;18;81;0;29;6;81;14;173;851;68;390;115;251;114;697;768;633
Rouen;76540;5;94;1;2;3;57;20;245;1 084;146;820;150;292;183;943;813;683
Orléans;45234;12;63;0;10;0;31;14;242;669;103;455;165;240;134;713;665;585
Montreuil;93048;3;69;0;9;1;124;12;733;658;214;428;408;144;83;913;447;615
Caen;14118;5;99;0;4;2;31;13;186;701;50;575;157;275;173;843;723;653
Saint-Paul;974415;;;;;;;;;;;;;;;;;
Argenteuil;95018;6;62;0;22;1;64;21;739;598;231;245;124;66;53;423;276;195
Mulhouse;68224;1;59;0;12;0;51;7;301;723;56;413;106;173;113;685;609;415
Nancy;54395;8;72;0;1;1;48;14;145;781;73;623;147;285;173;735;671;557
Tourcoing;59599;1;39;0;9;1;84;5;240;404;70;188;86;83;50;329;337;207
Roubaix;59512;1;55;0;12;3;83;8;242;584;60;269;122;133;53;369;396;255
Nanterre;92050;2;50;2;16;4;37;35;350;495;165;314;314;139;58;691;365;248
Vitry-sur-Seine;94081;3;45;0;10;1;40;17;371;379;179;194;94;52;34;316;224;178
Asnières-sur-Seine;92004;0;58;0;5;1;34;8;309;445;133;252;238;108;90;773;288;241
Créteil;94028;0;32;0;9;1;27;9;261;494;148;230;98;79;56;444;375;240
Avignon;84007;47;93;0;13;4;82;32;397;1 070;166;577;118;250;105;800;629;587
Colombes;92025;4;43;0;6;3;33;3;248;329;101;183;224;79;52;442;236;197
Poitiers;86194;2;45;0;8;2;39;20;128;678;62;320;71;213;91;470;507;521
Aubervilliers;93001;0;54;1;3;0;90;18;470;1 711;159;295;91;40;77;370;234;222
Aulnay-sous-Bois;93005;1;34;0;11;1;46;5;699;495;259;205;77;68;54;296;271;191
Dunkerque;59183;17;55;1;1;1;84;26;151;521;106;327;34;131;65;386;433;303
Saint-Pierre;974416;;;;;;;;;;;;;;;;;
Versailles;78646;2;46;0;8;3;25;4;181;549;70;354;203;188;134;1 075;435;395
Courbevoie;92026;3;42;1;19;1;37;41;177;507;70;346;445;256;93;1 100;288;272
Rueil-Malmaison;92063;1;47;3;10;0;21;6;222;431;64;237;245;126;72;640;250;222
Le Tampon;974422;;;;;;;;;;;;;;;;;
Béziers;34032;82;52;0;9;2;85;23;429;898;78;318;39;180;101;517;411;306
Pau;64445;10;56;0;12;2;60;20;161;571;47;379;113;198;114;697;513;416
La Rochelle;17300;24;83;0;7;14;120;20;185;700;95;513;126;245;140;687;439;428
Cherbourg-en-Cotentin;50129;13;56;0;5;5;59;11;101;538;37;229;37;106;60;309;303;260
Mérignac;33281;9;37;0;23;14;98;26;398;855;131;251;166;256;101;744;311;250
Champigny-sur-Marne;94017;0;34;0;7;1;44;9;449;342;99;155;68;49;33;268;226;148
Antibes;06004;11;57;0;6;6;89;13;400;824;79;531;74;155;221;597;363;315
Saint-Maur-des-Fossés;94068;1;49;0;2;0;48;6;454;477;62;257;153;157;139;755;311;288
Ajaccio;2A004;12;63;0;3;1;64;17;289;643;72;384;78;131;94;580;394;286
Fort-de-France;972209;;;;;;;;;;;;;;;;;
Saint-Nazaire;44184;10;38;0;5;24;81;21;195;438;38;217;38;105;65;346;336;246
Cannes;06029;11;55;0;7;5;83;7;326;1 109;106;770;83;185;374;826;408;398
Noisy-le-Grand;93051;0;32;0;2;0;28;7;317;329;81;157;136;87;54;368;208;139
Drancy;93029;2;36;0;3;1;17;1;852;356;216;131;40;37;31;211;166;150
Cergy;95127;5;23;0;13;4;18;10;177;350;112;191;162;75;44;394;309;192
Levallois-Perret;92044;1;43;0;5;4;56;7;193;622;74;433;400;255;142;1 201;256;282
Issy-les-Moulineaux;92040;0;36;0;6;0;22;6;136;333;59;314;328;127;73;701;223;225
Calais;62193;1;33;0;11;2;53;12;127;402;74;217;25;77;34;216;281;171
Pessac;33318;5;32;0;30;0;46;7;162;325;43;168;89;107;44;360;257;190
Colmar;68066;15;49;0;12;0;57;16;205;751;60;355;35;177;83;515;419;280
Évry-Courcouronnes;91228;1;25;0;12;2;20;11;307;351;114;160;122;102;40;519;360;186
Vénissieux;69259;0;38;0;14;9;69;25;312;370;139;119;28;55;14;280;259;137
Ivry-sur-Seine;94041;0;54;0;7;0;38;14;272;386;154;295;151;49;51;423;194;204
Valence;26362;11;53;0;24;3;98;16;221;765;78;295;73;158;70;562;475;371
Clichy;92024;0;40;0;2;0;38;11;283;363;158;289;232;95;91;610;213;188
Quimper;29232;17;59;0;22;6;76;21;265;721;38;295;52;153;82;541;397;306
Antony;92002;0;19;0;11;1;18;1;117;301;41;138;138;82;52;290;210;137
Bourges;18033;7;47;0;8;2;51;17;156;478;57;254;31;140;58;338;360;282
La Seyne-sur-Mer;83126;12;43;0;6;2;70;11;294;399;46;201;49;91;53;283;287;166
Montauban;82121;50;63;0;17;4;74;21;279;759;66;228;42;148;61;466;441;332
Villeneuve-d'Ascq;59009;10;28;0;5;1;33;14;145;514;45;236;252;170;67;561;329;235
Cayenne;973302;;;;;;;;;;;;;;;;;
Le Blanc-Mesnil;93007;0;23;0;3;0;26;8;471;226;111;107;24;28;23;100;128;90
Troyes;10387;12;28;0;6;1;39;11;74;347;41;256;40;116;57;382;400;281
Pantin;93055;0;49;0;5;0;110;15;427;481;104;234;128;50;52;385;245;260
Villejuif;94076;0;22;0;1;0;8;0;162;207;53;148;72;30;30;189;146;149
Chambéry;73065;7;56;0;10;1;55;22;202;570;84;299;49;137;61;490;353;378
Niort;79191;9;35;1;7;2;54;21;155;536;36;219;76;164;51;381;368;286
Fréjus;83061;29;40;0;2;1;44;20;388;593;47;320;28;112;87;428;230;175
Neuilly-sur-Seine;92051;5;26;0;4;0;42;3;168;578;67;247;558;360;255;2 070;323;235
Sarcelles;95585;0;26;0;2;1;34;10;423;340;98;144;44;55;35;253;231;156
Saint-André;974409;;;;;;;;;;;;;;;;;
Clamart;92023;0;29;0;5;0;30;2;160;274;35;128;99;53;53;276;145;135
Lorient;56121;18;54;0;6;12;60;9;253;604;56;287;55;142;70;411;294;294
Narbonne;11262;49;45;0;10;1;68;18;258;686;78;286;35;132;109;404;308;256
Bobigny;93008;1;24;0;1;0;60;11;432;328;175;123;51;38;16;243;195;122
Meaux;77284;2;36;0;5;0;42;6;174;374;53;156;28;73;39;235;248;143
Maisons-Alfort;94046;1;23;0;3;0;19;4;158;241;53;129;87;67;55;265;152;172
Hyères;83069;86;50;0;4;5;63;6;168;539;56;377;24;99;96;337;231;222
Vannes;56260;1;54;0;7;4;60;18;190;733;49;302;90;181;103;586;382;321
Beauvais;60057;12;28;0;3;2;43;16;162;517;65;229;37;95;48;351;381;231
Saint-Louis;974414;;;;;;;;;;;;;;;;;
La Roche-sur-Yon;85191;24;46;0;9;4;48;24;145;516;48;190;74;164;55;510;429;347
Chelles;77108;0;24;0;13;3;38;5;293;269;54;113;48;51;33;202;175;118
Corbeil-Essonnes;91174;2;30;0;4;1;25;3;238;345;59;153;29;39;29;153;160;152
Saint-Laurent-du-Maroni;973311;;;;;;;;;;;;;;;;;
Cholet;49099;11;42;1;14;5;83;19;216;611;51;163;33;124;34;362;277;200
Bayonne;64102;4;52;0;11;4;54;21;185;574;46;315;65;177;101;500;368;263
Fontenay-sous-Bois;94033;2;25;0;4;0;34;4;205;227;58;132;88;70;40;293;157;175
Saint-Ouen-sur-Seine;93070;0;36;0;3;5;33;14;276;417;115;290;170;64;64;407;170;175
Cagnes-sur-Mer;06027;5;38;0;1;0;24;7;347;428;76;218;42;101;78;334;231;183
Vaulx-en-Velin;69256;1;26;0;21;6;93;23;362;443;84;93;42;55;19;318;164;112
Épinay-sur-Seine;93031;0;22;0;1;0;16;6;293;216;136;114;47;21;12;147;121;95
Saint-Quentin;02691;7;31;0;9;1;47;9;127;403;40;192;29;102;56;262;287;189
Sartrouville;78586;0;22;0;8;3;37;4;231;227;42;90;105;29;34;166;157;109
Sevran;93071;0;18;0;2;0;15;4;239;163;62;75;21;18;13;87;119;62
Arles;13004;202;40;0;6;0;58;20;216;494;70;295;49;81;57;266;250;236
Massy;91377;0;24;0;18;3;23;8;115;253;69;113;159;69;34;347;186;137
Albi;81004;9;57;0;8;3;61;15;151;523;28;226;53;122;60;342;380;292
Les Abymes;971101;;;;;;;;;;;;;;;;;
Gennevilliers;92036;0;29;0;10;2;49;46;247;378;207;154;103;48;13;281;149;105
Saint-Herblain;44162;4;30;1;16;2;77;32;281;533;61;176;189;145;67;644;283;213
Grasse;06069;13;33;0;9;0;83;7;266;382;48;146;48;78;62;369;248;156
Bondy;93010;0;23;0;1;0;17;2;304;190;118;94;34;18;14;149;123;84
Les Sables-d'Olonne;85194;44;55;0;2;5;55;8;166;521;33;289;36;119;98;341;213;183
Laval;53130;8;46;0;9;1;52;15;103;444;37;176;61;135;41;544;353;267
Évreux;27229;4;31;0;6;2;41;7;128;353;47;172;39;83;45;262;344;206
Saint-Priest;69290;4;22;0;26;8;139;21;284;727;193;125;67;94;32;387;154;131
Suresnes;92073;0;28;0;9;2;15;3;100;233;39;151;185;93;54;442;162;136
Martigues;13056;16;25;1;0;5;57;12;128;285;71;187;27;60;39;201;171;135
Vincennes;94080;1;41;0;2;0;22;0;165;393;59;211;159;91;94;601;213;255
Aubagne;13005;29;35;0;22;2;116;24;287;662;61;159;67;114;60;456;306;188
Saint-Malo;35288;25;68;0;10;5;72;10;128;617;51;393;52;140;84;399;246;199
Livry-Gargan;93046;0;14;0;0;0;13;5;344;220;50;89;29;33;22;125;118;106
Blois;41018;12;33;0;7;3;39;16;152;353;42;210;35;117;42;313;331;258
Rosny-sous-Bois;93064;1;21;0;5;0;25;1;287;344;93;116;66;42;29;237;138;106
La Courneuve;93027;0;24;0;8;0;62;22;263;430;94;137;35;26;28;175;104;99
Brive-la-Gaillarde;19031;10;55;0;10;2;68;26;168;610;46;210;29;143;53;345;280;200
Bastia;2B033;4;38;0;1;0;25;15;159;433;37;234;47;100;57;314;290;190
Talence;33522;0;12;0;4;0;8;2;56;108;10;96;25;47;38;151;138;174
Meudon;92048;1;20;0;3;1;14;1;79;157;28;89;123;45;49;335;151;97
Montrouge;92049;0;27;0;6;1;21;4;64;211;29;206;168;77;67;429;169;170
Alès;30007;5;42;0;7;1;44;8;160;524;27;154;24;85;35;270;275;196
Carcassonne;11069;47;32;0;5;0;51;28;206;694;42;315;42;104;67;332;358;246
Melun;77288;2;21;0;0;0;12;3;202;213;48;150;42;82;29;220;251;168
Choisy-le-Roi;94022;0;28;0;2;0;15;3;207;215;65;131;68;29;24;177;127;110
Saint-Germain-en-Laye;78551;2;30;0;3;1;26;5;156;373;35;177;99;92;75;412;267;192
Belfort;90010;0;35;0;9;2;21;3;104;315;17;172;37;76;46;270;322;189
Charleville-Mézières;08105;6;38;0;5;1;43;15;102;347;39;182;21;98;40;266;333;198
Alfortville;94002;0;25;0;5;0;24;5;267;223;78;118;66;31;26;238;98;146
Noisy-le-Sec;93053;1;24;0;4;0;28;5;355;207;96;86;46;32;18;141;114;104
Sète;34301;41;55;0;1;2;47;9;105;418;82;306;28;79;70;234;208;179
Chalon-sur-Saône;71076;4;40;0;6;0;53;15;78;472;40;196;25;101;33;310;257;224
Bagneux;92007;0;19;0;6;1;19;6;107;120;52;79;50;21;14;151;111;65
Tarbes;65440;4;38;0;3;0;41;9;96;366;31;170;29;117;51;315;334;258
Saint-Brieuc;22278;2;29;0;1;2;21;8;94;294;24;179;30;96;51;232;302;223
Istres;13047;24;16;0;0;2;25;12;89;239;24;94;8;43;27;98;142;122
Salon-de-Provence;13103;59;28;0;4;0;31;16;215;449;52;182;33;79;51;302;209;188
Puteaux;92062;1;31;0;9;0;34;20;111;514;63;352;399;203;67;714;243;215
Caluire-et-Cuire;69034;2;16;0;4;0;30;2;70;196;25;72;51;83;49;357;167;115
Rezé;44143;1;29;0;2;3;22;8;70;327;29;83;44;75;32;217;139;160
Mantes-la-Jolie;78361;2;23;0;1;1;6;0;108;195;30;148;24;49;36;154;193;134
Valenciennes;59606;0;26;0;1;1;37;11;74;368;34;249;29;101;54;323;346;186
Anglet;64024;3;45;0;8;4;58;4;183;478;24;236;63;110;85;418;206;155
Bagnolet;93006;1;27;0;1;0;37;0;155;210;70;119;88;36;20;182;95;155
Bron;69029;0;17;0;8;2;27;1;122;227;53;88;55;54;21;300;176;108
Châlons-en-Champagne;51108;10;31;0;3;0;16;9;50;282;37;120;21;71;36;198;258;173
Châteauroux;36044;11;23;0;4;1;43;15;86;284;35;142;21;83;27;260;305;211
Arras;62041;2;37;0;2;1;12;7;57;393;22;232;42;112;45;308;375;235
Thionville;57672;6;20;0;2;1;31;9;74;415;31;191;14;83;58;179;220;159
Villenave-d'Ornon;33550;6;20;0;5;1;22;6;151;200;37;82;26;68;31;119;117;88
Castres;81065;22;35;0;10;0;56;14;104;461;19;153;36;88;40;197;247;147
Bourg-en-Bresse;01053;5;43;0;2;2;33;16;104;454;39;192;41;116;48;350;304;277
Gagny;93032;0;17;0;1;0;6;2;248;137;40;55;28;18;20;110;94;72
Le Cannet;06030;0;21;0;0;0;34;2;241;245;43;74;18;60;72;289;131;88
Angoulême;16015;5;40;0;7;1;32;8;108;318;27;191;86;110;51;297;275;245
Garges-lès-Gonesse;95268;0;12;0;0;1;12;2;263;181;80;46;37;16;10;99;118;60
Villepinte;93078;0;12;0;5;2;24;6;243;214;153;68;36;36;14;180;129;55
Stains;93072;0;32;0;6;0;14;9;224;190;59;78;17;16;14;86;117;59
Gap;05061;16;42;0;3;0;36;10;155;440;37;153;38;117;47;312;294;224
Poissy;78498;2;22;0;6;9;13;3;103;191;41;101;71;38;31;198;183;125
Colomiers;31149;0;22;0;19;8;76;6;133;278;61;90;52;65;31;260;152;98
Wattrelos;59650;2;12;0;1;0;33;5;96;129;16;49;6;24;11;50;83;57
Draguignan;83050;11;31;0;0;0;35;13;236;279;22;116;19;63;31;200;223;142
Compiègne;60159;15;24;0;1;0;37;8;83;353;49;163;35;102;42;307;276;167
Montélimar;26198;21;54;0;9;2;43;19;216;554;60;163;20;110;45;292;208;149
Boulogne-sur-Mer;62160;8;54;0;4;1;14;8;82;294;33;188;17;82;36;223;213;146
Douai;59178;8;28;0;5;5;30;18;72;242;102;154;19;76;32;236;267;123
Marcq-en-Barœul;59378;2;21;0;6;1;24;3;80;237;15;112;82;139;59;453;192;166
Neuilly-sur-Marne;93050;0;11;0;2;0;21;10;172;170;58;52;68;22;14;123;71;64
Le Lamentin;972213;;;;;;;;;;;;;;;;;
Saint-Joseph;974412;;;;;;;;;;;;;;;;;
Pontault-Combault;77373;0;22;0;3;0;19;6;226;296;50;89;25;46;31;142;109;97
Saint-Benoît;974410;;;;;;;;;;;;;;;;;
La Ciotat;13028;5;34;0;17;6;75;10;163;335;37;224;60;78;58;279;167;147
Joué-lès-Tours;37122;9;11;0;5;5;29;10;116;191;45;66;17;58;20;144;128;93
Tremblay-en-France;93073;3;10;0;9;2;42;9;236;386;427;117;35;38;17;199;120;102
Chartres;28085;8;22;0;9;1;32;13;79;345;52;201;57;112;54;337;283;222
Oullins-Pierre-Bénite;69149;1;23;0;4;0;26;6;99;190;26;89;26;49;26;177;142;118
Thonon-les-Bains;74281;4;29;0;3;0;30;11;146;309;26;147;22;66;63;229;196;125
Franconville;95252;0;9;0;4;0;6;2;171;157;47;62;44;32;27;121;70;68
Saint-Martin-d'Hères;38421;2;13;0;14;1;24;4;151;273;19;81;28;46;12;159;164;90
Annemasse;74012;1;21;0;1;0;11;6;137;318;28;162;8;78;59;169;142;144
Savigny-sur-Orge;91589;0;16;0;3;0;12;0;210;113;53;77;22;27;18;93;96;92
Échirolles;38151;2;22;0;5;0;28;2;144;318;26;96;39;55;22;158;137;101
Palaiseau;91477;3;15;0;10;1;28;4;103;127;38;85;94;46;35;230;132;95
Romainville;93063;0;19;0;2;1;9;11;138;146;38;76;34;15;12;105;69;101
Saint-Raphaël;83118;7;31;0;4;0;36;7;156;370;33;280;28;101;114;305;173;160
Six-Fours-les-Plages;83129;3;21;0;3;3;48;8;221;291;38;158;20;56;60;177;127;128
Sainte-Marie;974418;;;;;;;;;;;;;;;;;
Conflans-Sainte-Honorine;78172;0;14;0;4;0;31;3;109;158;49;100;51;31;21;140;107;73
Vitrolles;13117;4;28;0;17;6;78;27;217;478;248;112;36;62;24;338;152;107
Châtillon;92020;0;12;0;4;0;11;3;73;124;17;88;78;31;25;139;100;73
Meyzieu;69282;3;12;0;16;2;77;12;149;179;54;65;23;52;25;170;97;88
Athis-Mons;91027;0;13;0;1;0;4;4;127;148;72;64;27;27;13;102;116;54
La Possession;974408;;;;;;;;;;;;;;;;;
Matoury;973307;;;;;;;;;;;;;;;;;
Bezons;95063;1;22;0;8;0;17;3;159;181;54;78;95;24;16;133;75;57
Haguenau;67180;9;33;0;10;3;42;7;120;358;37;144;27;90;45;235;307;119
Creil;60175;1;22;0;1;1;30;5;95;186;44;95;15;34;14;96;159;104
Villeneuve-Saint-Georges;94078;1;19;0;0;0;8;6;230;141;78;70;17;16;15;80;97;55
Villefranche-sur-Saône;69264;4;38;0;9;5;53;11;146;492;42;151;28;79;47;294;178;169
Saint-Leu;974413;;;;;;;;;;;;;;;;;
Châtenay-Malabry;92019;0;12;0;0;1;7;0;48;83;24;41;61;19;17;130;88;57
Saint-Chamond;42207;9;26;0;13;0;52;6;139;213;33;67;13;63;20;142;132;95
Sainte-Geneviève-des-Bois;91549;0;20;0;4;0;19;8;172;294;30;91;21;42;23;129;103;110
Roanne;42187;3;38;0;5;2;57;4;80;386;31;135;35;99;49;281;278;166
Le Perreux-sur-Marne;94058;0;16;0;1;0;14;0;103;138;14;85;55;50;40;164;98;86
Mâcon;71270;19;28;0;7;1;36;14;122;425;53;158;40;97;36;287;256;203
Auxerre;89024;14;23;0;3;4;25;7;92;378;28;168;31;97;37;253;297;210
Schiltigheim;67447;3;23;0;7;0;28;6;145;224;27;134;116;121;40;371;224;121
Trappes;78621;1;14;0;16;2;29;3;113;175;93;74;50;32;8;137;164;79
Les Mureaux;78440;1;20;0;5;3;19;6;118;147;46;78;37;20;4;109;106;82
Houilles;78311;1;20;0;1;0;8;3;112;155;26;65;70;22;24;117;79;78
Le Port;974407;;;;;;;;;;;;;;;;;
Marignane;13054;8;19;0;1;3;24;11;234;205;97;76;14;45;18;121;117;65
Romans-sur-Isère;26281;6;29;0;6;3;55;12;140;365;28;110;21;63;27;164;144;130
Villiers-sur-Marne;94079;1;9;0;0;0;9;2;119;111;29;50;51;26;18;98;70;67
Montluçon;03185;4;26;0;3;1;36;11;85;327;27;107;9;75;28;213;200;143
Nevers;58194;19;22;1;5;5;27;14;78;263;33;130;22;69;43;197;274;198
Lens;62498;0;21;0;3;0;12;7;92;247;33;136;25;66;24;194;210;103
Thiais;94073;0;8;0;0;0;11;0;105;301;70;78;57;27;19;120;96;85
Saint-Médard-en-Jalles;33449;3;13;0;2;3;29;3;63;170;14;66;22;36;21;120;88;97
Agen;47001;4;29;0;1;0;16;10;58;349;25;190;24;96;49;279;294;198
Montigny-le-Bretonneux;78423;0;14;0;15;2;16;5;60;232;28;121;146;81;26;288;146;116
Nogent-sur-Marne;94052;0;13;0;0;0;13;1;78;183;26;81;66;42;44;258;150;139
Aix-les-Bains;73008;4;32;0;4;2;18;2;72;249;32;171;24;57;60;169;144;137
Épinal;88160;5;35;0;2;0;27;13;84;343;22;141;36;93;30;231;321;188
Saint-Laurent-du-Var;06123;8;18;0;5;0;43;4;198;512;56;156;32;66;45;216;139;141
Pontoise;95500;1;14;0;3;0;13;2;136;131;59;111;54;43;33;233;170;126
Bègles;33039;3;25;0;1;1;26;10;124;307;41;95;69;53;32;246;123;129
Plaisir;78490;4;7;0;4;3;15;3;75;235;33;69;33;24;20;123;119;91
Herblay-sur-Seine;95306;2;15;0;3;3;17;6;130;225;56;57;38;22;19;125;80;74
Vienne;38544;1;31;0;4;1;28;7;163;280;24;129;31;74;33;213;177;104
Carpentras;84031;78;27;0;1;3;41;8;148;338;24;85;21;57;44;177;170;125
Mont-de-Marsan;40192;8;16;0;3;2;20;9;77;234;20;104;16;66;34;174;268;161
Dreux;28134;2;22;0;4;0;34;13;82;262;37;122;28;47;20;105;161;100
Vigneux-sur-Seine;91657;0;14;0;0;2;4;5;128;113;25;47;29;16;12;48;56;53
Rillieux-la-Pape;69286;5;16;0;7;1;31;10;124;160;51;45;50;54;24;163;119;69
Goussainville;95280;1;15;0;0;0;18;5;290;200;107;72;25;22;13;97;76;58
Ris-Orangis;91521;2;9;0;3;0;19;3;258;139;91;56;32;23;16;142;101;71
L' Haÿ-les-Roses;94038;0;12;0;2;0;5;0;75;93;33;39;28;16;13;106;65;59
Saint-Martin;978801;;;;;;;;;;;;;;;;;
Savigny-le-Temple;77445;0;9;0;1;1;14;4;105;88;44;26;18;15;12;67;70;36
Cambrai;59122;7;26;0;2;0;14;11;74;345;18;153;7;93;26;152;223;131
Cachan;94016;1;14;0;2;0;7;0;66;84;28;71;56;23;20;123;84;70
Châtellerault;86066;7;28;0;8;2;50;11;79;251;19;78;10;63;33;152;137;100
Baie-Mahault;971103;;;;;;;;;;;;;;;;;
Viry-Châtillon;91687;0;15;0;0;1;7;4;170;148;45;72;28;22;22;103;85;61
Le Chesnay-Rocquencourt;78158;1;6;0;1;1;5;1;33;256;8;71;28;45;34;179;111;95
Menton;06083;10;30;0;0;0;27;3;120;326;19;270;10;47;87;186;136;107
Chatou;78146;1;13;0;5;0;10;3;60;104;19;49;56;34;27;216;77;69
Malakoff;92046;0;16;0;1;0;12;6;78;152;28;131;99;29;26;192;81;80
La Garenne-Colombes;92035;0;12;0;3;2;11;2;77;147;18;90;123;50;31;238;105;89
Tournefeuille;31557;0;12;0;1;0;15;2;63;101;15;43;28;45;22;92;90;72
Bourgoin-Jallieu;38053;1;25;0;3;0;49;7;137;344;23;122;18;83;35;214;202;149
Draveil;91201;1;11;0;3;0;9;1;118;114;36;56;16;17;20;97;71;80
Liévin;62510;1;16;0;1;1;18;4;63;165;16;64;7;29;13;78;144;86
Villiers-le-Bel;95680;0;9;0;2;0;4;0;167;101;42;62;13;10;8;76;92;52
Vandœuvre-lès-Nancy;54547;2;15;0;5;0;20;5;86;139;36;76;33;53;14;152;149;100
Agde;34003;37;34;0;1;1;22;6;109;434;34;434;11;52;90;228;114;127
Décines-Charpieu;69275;2;18;0;11;1;72;2;168;257;40;79;28;35;16;142;99;90
Saint-Cloud;92064;0;14;0;0;1;15;1;49;136;19;84;113;72;44;385;122;77
Villemomble;93077;0;14;0;0;0;4;6;176;131;46;79;31;37;32;117;92;78
Guyancourt;78297;1;10;0;5;8;11;3;49;104;28;72;53;31;9;179;105;54
Orange;84087;60;24;0;5;0;32;10;125;369;43;127;8;56;38;164;156;96
Fresnes;94034;2;10;0;5;0;11;2;83;130;39;45;36;14;14;100;57;43
Saint-Étienne-du-Rouvray;76575;2;12;0;8;6;35;9;114;146;73;61;14;23;10;124;90;50
Ermont;95219;0;8;0;0;0;4;0;81;102;33;43;40;27;15;80;114;69
Clichy-sous-Bois;93014;0;11;0;0;0;9;1;171;79;37;39;14;5;3;58;71;39
Vallauris;06155;4;16;0;3;2;63;3;163;239;31;114;27;34;71;216;65;79
Périgueux;24322;3;24;0;0;0;14;4;71;237;22;190;21;110;56;246;301;184
Sotteville-lès-Rouen;76681;0;19;0;0;0;19;4;88;138;32;48;11;26;15;89;85;71
Bois-Colombes;92009;0;14;0;1;0;5;2;40;114;20;71;57;44;31;216;89;68
Le Plessis-Robinson;92060;1;8;0;4;4;12;0;42;70;14;43;67;26;28;100;53;50
Charenton-le-Pont;94018;1;16;0;1;0;7;2;100;174;31;91;65;53;55;335;106;113
Maubeuge;59392;1;15;0;0;3;24;5;33;162;18;84;12;48;20;113;199;81
Montfermeil;93047;0;8;0;1;0;15;4;325;109;42;34;22;15;13;89;84;52
Vanves;92075;0;7;0;1;0;12;0;53;75;12;61;70;25;22;141;84;79
Saint-Sébastien-sur-Loire;44190;1;11;0;1;0;2;2;27;111;1;56;31;38;20;104;93;92
Orvault;44114;3;14;0;4;0;15;5;102;233;10;46;36;78;22;212;103;80
Dieppe;76217;13;26;0;2;1;16;8;56;308;25;158;12;53;30;128;159;123
Soissons;02722;11;23;0;4;0;12;6;63;272;23;92;17;55;29;146;167;132
Yerres;91691;0;12;0;0;0;11;0;100;84;18;35;27;23;21;86;92;62
Illkirch-Graffenstaden;67218;1;12;0;11;0;33;6;86;212;34;93;39;37;23;213;145;87
Sucy-en-Brie;94071;0;13;0;5;0;21;4;130;114;25;37;36;21;19;97;70;64
Le Gosier;971113;;;;;;;;;;;;;;;;;
Rambouillet;78517;3;19;0;4;0;21;5;76;202;12;81;37;41;33;144;126;91
Remire-Montjoly;973309;;;;;;;;;;;;;;;;;
Gonesse;95277;5;11;0;10;1;22;8;289;245;104;67;18;19;15;110;83;49
Blagnac;31069;2;20;0;11;6;31;0;61;244;80;148;77;67;19;247;123;119
Taverny;95607;1;12;0;7;5;33;3;120;199;34;42;21;21;18;91;78;56
La Teste-de-Buch;33529;39;26;0;3;4;34;5;136;381;36;142;21;76;62;196;111;105
Bussy-Saint-Georges;77058;0;7;0;8;1;16;0;66;118;36;63;60;36;25;151;95;58
Champs-sur-Marne;77083;0;8;0;0;0;6;1;85;85;20;48;65;23;9;173;93;59
Limeil-Brévannes;94044;3;8;0;3;0;2;3;126;64;57;30;12;5;9;59;62;48
Cormeilles-en-Parisis;95176;3;12;0;3;0;21;8;106;162;28;36;42;22;21;96;62;41
Bergerac;24037;30;34;0;1;1;31;7;94;353;19;138;15;72;36;168;182;127
Sens;89387;9;23;0;3;1;42;12;85;292;31;112;18;58;21;152;187;129
Lambersart;59328;0;12;0;2;0;8;2;36;92;5;40;30;46;45;135;97;64
Armentières;59017;1;9;0;4;0;12;0;50;112;12;72;12;38;17;70;131;58
Gradignan;33192;6;16;0;5;5;27;4;65;165;16;59;34;48;25;121;101;83
Villeparisis;77514;0;9;0;1;0;9;4;140;104;48;52;14;19;21;53;57;48
Sannois;95582;0;11;0;2;0;8;2;139;109;88;41;45;15;20;100;66;56
Étampes;91223;8;12;0;5;1;8;7;97;164;24;64;15;29;25;116;126;93
Grigny;91286;1;10;0;2;0;24;7;147;111;54;28;19;10;4;111;63;37
Cenon;33119;3;8;0;2;0;14;5;216;85;24;55;28;57;23;216;143;76
Brétigny-sur-Orge;91103;1;12;0;0;0;21;3;98;180;66;68;18;18;15;93;81;70
Lunel;34145;40;19;0;6;0;27;5;156;237;46;84;17;62;29;141;122;88
La Garde;83062;11;16;0;7;3;37;17;157;351;29;92;23;56;32;158;132;97
Élancourt;78208;0;6;0;10;3;9;2;57;75;29;40;31;26;9;92;69;59
Saumur;49328;31;33;1;1;0;27;10;45;278;18;155;16;70;26;151;171;122
Vertou;44215;18;17;0;0;1;28;3;97;160;14;45;33;54;25;176;92;82
Aurillac;15014;9;38;0;1;0;27;6;94;436;26;145;23;77;34;207;257;180
Eaubonne;95203;0;8;0;3;0;10;1;107;98;27;43;46;29;19;110;77;93
Biarritz;64122;4;40;0;1;2;35;7;96;505;19;316;61;95;130;410;165;181
Miramas;13063;12;12;0;3;2;17;4;67;217;43;66;2;23;18;50;84;67
Muret;31395;4;13;0;3;1;32;11;119;211;34;74;20;59;24;170;142;93
Castelnau-le-Lez;34057;7;12;0;7;1;13;5;111;158;16;77;72;68;49;280;144;105
Villeneuve-la-Garenne;92078;0;11;0;4;2;15;3;121;218;73;54;29;13;13;101;69;56
Les Ulis;91692;0;5;0;17;1;22;2;65;201;43;50;46;30;8;150;72;47
Les Pavillons-sous-Bois;93057;0;15;0;1;0;10;3;249;164;52;95;18;33;18;97;64;72
Sèvremoine;49301;67;15;0;12;6;64;3;123;99;20;25;2;43;10;84;66;63
Le Grand-Quevilly;76322;0;14;0;1;0;25;8;70;144;49;33;10;22;7;57;54;59
Lormont;33249;0;10;0;0;0;11;4;174;155;31;56;16;42;9;129;111;67
Hénin-Beaumont;62427;8;10;0;2;3;10;4;61;151;18;67;7;36;12;96;111;84
Brunoy;91114;0;12;0;0;0;6;1;77;72;14;38;23;24;20;70;92;69
Cavaillon;84035;61;28;0;7;3;44;12;122;330;83;102;19;55;28;202;118;80
Saint-Ouen-l'Aumône;95572;3;13;0;14;2;108;15;188;321;96;64;40;40;16;236;90;66
Sainte-Suzanne;974420;;;;;;;;;;;;;;;;;
Alençon;61001;5;29;0;3;1;18;10;67;218;17;91;18;66;22;171;251;139
Saintes;17415;18;26;0;4;4;29;10;97;328;32;118;20;74;41;247;217;169
Vernon;27681;1;18;0;1;2;7;6;92;182;26;78;29;33;28;98;139;72
Béthune;62119;2;16;0;3;0;20;7;59;250;21;117;20;81;25;190;195;110
Vichy;03310;0;21;0;2;0;8;2;40;303;14;171;19;59;47;201;209;138
Le Bouscat;33069;4;17;0;2;0;12;1;57;142;10;71;29;58;40;173;115;78
Vierzon;18279;25;13;0;10;0;27;7;89;177;26;83;17;35;16;92;114;80
Libourne;33243;59;23;0;1;0;22;3;87;329;31;115;16;81;38;209;204;129
Eysines;33162;7;16;0;1;1;24;6;110;193;12;50;23;47;23;118;93;70
Kourou;973304;;;;;;;;;;;;;;;;;
Montbéliard;25388;2;18;0;0;2;5;6;42;204;14;82;23;56;26;152;223;106
Petit-Bourg;971118;;;;;;;;;;;;;;;;;
Orly;94054;0;15;0;2;1;13;2;94;177;153;59;14;15;3;98;79;43
Laon;02408;8;18;0;2;0;14;8;51;202;19;99;12;56;19;96;191;117
Frontignan;34108;27;19;0;1;0;31;10;75;151;26;76;5;28;22;60;74;66
Le Kremlin-Bicêtre;94043;0;11;0;1;0;6;2;72;120;36;84;52;27;24;139;80;90
Couëron;44047;7;14;0;9;4;30;10;112;107;19;30;12;26;15;89;58;46
Fontenay-aux-Roses;92032;0;7;0;2;0;6;1;36;61;12;32;35;15;9;90;60;37
Montgeron;91421;0;10;0;1;0;7;6;98;119;16;51;20;21;20;68;73;67
Beaupréau-en-Mauges;49023;89;17;0;10;1;52;6;110;107;15;35;5;28;7;81;82;63
Rodez;12202;6;32;0;5;1;27;9;72;292;23;143;24;99;40;251;233;185
Sainte-Anne;971128;;;;;;;;;;;;;;;;;
Les Lilas;93045;1;16;0;0;0;5;3;146;136;43;79;61;14;23;176;73;89
Dole;39198;2;34;1;2;0;23;8;82;219;22;91;11;64;29;160;174;106
La Valette-du-Var;83144;2;8;0;3;0;18;2;99;324;33;108;17;61;29;181;120;85
Dammarie-les-Lys;77152;1;9;0;1;0;9;4;93;108;19;39;9;15;7;60;74;61
Olivet;45232;3;14;0;4;0;15;4;65;167;13;53;28;60;15;141;136;99
Hérouville-Saint-Clair;14327;4;8;0;2;2;19;2;29;178;17;47;27;33;8;145;144;155
Rochefort;17299;4;25;0;0;7;36;6;92;264;21;122;16;52;31;154;149;109
Combs-la-Ville;77122;0;13;0;1;0;15;2;102;79;43;43;21;17;10;70;53;44
Lanester;56098;1;11;0;6;2;17;4;118;221;13;53;11;27;12;76;71;58
Roissy-en-Brie;77390;0;6;0;1;2;11;3;77;87;28;36;11;13;8;48;49;51
Tassin-la-Demi-Lune;69244;1;8;0;1;0;11;1;45;163;15;51;40;60;31;215;92;71
Saint-Jean-de-Braye;45284;2;12;0;6;1;25;1;79;96;43;44;17;29;11;93;78;55
Deuil-la-Barre;95197;0;12;0;1;0;7;2;102;65;29;33;28;16;18;119;60;50
Maisons-Laffitte;78358;4;14;0;5;0;8;2;38;96;15;51;56;32;32;156;72;99
Le Moule;971117;;;;;;;;;;;;;;;;;
Vélizy-Villacoublay;78640;0;8;0;8;8;12;1;78;279;21;108;68;28;21;190;67;77
Challans;85047;19;23;0;2;1;28;4;97;322;20;83;12;61;23;188;111;84
Saint-Dizier;52448;4;13;0;3;1;32;9;43;230;22;75;13;46;18;86;156;108
Torcy;77468;0;8;0;4;0;15;0;78;113;39;61;26;24;18;93;77;55
Saint-Louis;68297;1;8;0;3;0;10;5;29;164;33;74;3;30;20;87;97;73
Manosque;04112;32;22;0;1;0;32;10;104;311;28;108;21;61;24;318;163;126
Loos;59360;1;3;0;4;1;26;2;31;69;23;42;18;19;11;87;92;42
Gif-sur-Yvette;91272;0;6;0;1;0;4;1;15;74;7;51;43;18;19;95;76;54
Les Pennes-Mirabeau;13071;8;18;0;1;3;32;6;122;237;57;65;10;32;26;119;73;64
Oyonnax;01283;2;10;0;2;1;99;7;94;187;13;66;15;44;12;109;100;72
Montigny-lès-Cormeilles;95424;1;8;0;1;0;12;3;93;113;24;27;22;10;6;50;45;37
Auch;32013;10;25;0;3;2;14;11;60;292;24;100;17;73;26;216;228;186
Abbeville;80001;9;19;0;2;1;30;11;58;270;19;81;15;53;21;123;149;92
Villeneuve-sur-Lot;47323;21;25;0;1;1;27;5;69;217;18;74;7;48;20;102;125;95
Mantes-la-Ville;78362;0;10;0;3;0;20;2;81;102;15;43;21;9;4;55;61;37
Sèvres;92072;0;11;0;1;0;12;0;36;95;13;56;57;45;24;214;77;57
Montereau-Fault-Yonne;77305;0;12;0;3;0;26;10;103;108;29;57;9;23;17;66;88;55
Achères;78005;1;6;0;1;0;10;4;68;85;16;47;26;15;8;48;47;28
Le Petit-Quevilly;76498;0;13;0;2;1;18;7;108;93;32;51;32;14;7;74;69;56
Arcueil;94003;1;11;0;0;0;8;3;57;150;32;84;67;23;19;115;61;87
Épernay;51230;72;40;0;8;2;21;7;53;196;19;109;7;47;23;116;129;86
Gujan-Mestras;33199;71;12;0;0;5;20;1;82;108;16;60;14;36;34;91;60;52
Dax;40088;1;31;0;4;0;25;7;63;240;13;129;15;66;45;192;186;135
Millau;12145;22;17;0;1;4;43;11;82;236;19;103;19;44;15;118;128;96
Fontaine;38169;0;14;0;5;1;33;7;103;128;11;25;16;18;10;86;77;56
Chemillé-en-Anjou;49092;131;13;0;6;0;47;3;106;115;18;38;4;42;7;78;79;74
Longjumeau;91345;0;7;0;0;0;6;2;62;97;30;49;18;21;10;77;89;54
Neuilly-Plaisance;93049;0;10;0;5;1;14;2;120;83;27;43;33;17;13;80;56;36
Hazebrouck;59295;15;17;0;0;1;21;7;56;197;13;51;6;47;21;94;137;72
Nogent-sur-Oise;60463;0;6;0;0;0;21;3;64;98;27;35;7;8;9;41;54;46
Voiron;38563;2;21;0;3;0;28;8;71;285;20;80;25;64;34;162;134;100
Fleury-les-Aubrais;45147;3;14;0;2;1;14;2;69;136;35;40;13;34;11;79;49;75
La Madeleine;59368;0;14;0;0;0;12;3;38;109;7;54;58;64;41;174;85;57
Saint-Michel-sur-Orge;91570;1;7;0;3;1;13;2;98;73;28;30;16;15;11;64;53;39
Montmorency;95428;0;8;0;0;0;8;2;57;74;16;39;21;22;25;117;71;49
Montigny-lès-Metz;57480;4;9;0;0;0;3;7;38;50;14;33;10;28;18;44;89;58
Sainte-Foy-lès-Lyon;69202;0;10;0;1;0;12;0;43;91;12;27;21;46;18;150;104;55
Morsang-sur-Orge;91434;0;6;0;1;0;10;2;104;75;19;30;15;19;12;57;43;34
Mandelieu-la-Napoule;06079;5;13;0;1;2;32;8;106;283;43;137;23;49;58;205;80;101
Gardanne;13041;5;18;0;10;0;27;9;117;146;28;41;23;48;21;161;79;75
Le Robert;972222;;;;;;;;;;;;;;;;;
Lagny-sur-Marne;77243;0;14;0;5;2;27;7;110;156;23;57;24;33;22;119;80;95
Allauch;13002;4;12;0;1;0;13;2;99;91;20;46;11;30;19;89;55;50
Bruay-la-Buissière;62178;2;7;0;0;1;8;3;37;202;11;67;5;26;5;51;107;59
Givors;69091;1;11;0;2;0;14;10;75;144;27;64;4;22;8;50;77;50
Saint-Gratien;95555;0;7;0;2;0;6;0;78;84;22;49;26;18;13;90;59;55
Saint-Cyr-l'École;78545;2;11;0;1;0;2;1;46;73;13;47;19;14;11;52;51;47
Ozoir-la-Ferrière;77350;0;10;0;5;0;28;2;144;126;15;49;12;25;15;85;56;65
Saint-Genis-Laval;69204;3;12;0;4;0;39;5;75;199;33;45;21;38;16;143;64;62
Montaigu-Vendée;85146;39;30;0;6;2;57;3;106;186;23;46;13;55;10;174;83;75
Le Plessis-Trévise;94059;0;5;0;2;0;13;3;153;77;13;23;16;19;17;73;47;37
Mons-en-Barœul;59410;0;6;0;0;0;2;0;29;43;15;25;21;19;2;59;57;55
Plaisance-du-Touch;31424;1;7;0;4;0;18;1;89;136;25;46;17;24;13;75;59;56
Saint-Mandé;94067;0;11;0;0;0;8;1;63;112;14;66;127;36;32;368;99;96
Bourg-la-Reine;92014;0;12;0;2;0;7;0;61;80;15;41;53;21;16;126;70;56
Villeneuve-le-Roi;94077;0;7;0;5;1;21;11;173;132;44;43;11;24;12;66;43;48
Carquefou;44026;18;13;0;13;4;48;7;90;187;38;78;45;43;23;219;85;79
Sceaux;92071;1;8;0;0;0;6;0;25;107;5;48;27;27;19;126;64;69
Concarneau;29039;24;39;0;6;6;35;5;67;229;26;115;11;37;35;106;88;83
Chaumont;52121;5;15;0;2;0;24;15;45;212;25;69;21;54;17;154;193;118
Lingolsheim;67267;1;7;0;1;0;9;2;60;58;16;28;9;16;17;64;67;26
Carrières-sous-Poissy;78123;0;5;0;1;1;2;7;45;40;9;22;28;5;2;37;48;23
Coudekerque-Branche;59155;0;12;0;1;0;11;7;29;99;12;25;5;15;8;44;66;45
Wasquehal;59646;2;11;0;2;1;10;4;56;181;6;51;49;65;21;181;78;66
Halluin;59279;7;6;0;1;0;14;7;35;97;15;25;3;17;6;51;49;37
La Chapelle-sur-Erdre;44035;9;11;0;3;3;22;3;60;103;11;37;37;48;22;134;61;73
Denain;59172;0;6;0;1;0;14;7;50;127;12;46;4;26;5;37;103;44
Cugnaux;31157;1;9;0;6;2;23;7;85;118;16;44;14;30;13;71;52;47
Maurepas;78383;3;6;0;1;0;8;2;52;114;14;47;16;17;11;76;43;56
Chaville;92022;0;8;0;1;0;5;0;36;68;14;32;28;12;12;108;54;54
Croix;59163;1;7;0;3;0;9;2;33;86;6;38;16;50;30;93;70;53
Bouguenais;44020;4;8;0;7;3;24;10;72;94;50;32;24;23;8;115;73;51
Joinville-le-Pont;94042;0;10;0;1;0;11;2;53;93;17;41;26;32;18;128;60;64
Le Creusot;71153;0;14;0;4;3;34;9;57;141;22;44;13;29;14;79;90;78
Forbach;57227;1;20;0;3;0;12;7;58;154;20;68;10;38;11;83;139;63
La Celle-Saint-Cloud;78126;1;11;0;0;0;2;0;33;68;15;21;25;17;19;92;58;50
Mitry-Mory;77294;2;12;0;4;4;38;6;132;146;92;48;14;18;9;82;57;35
Chilly-Mazarin;91161;0;9;0;2;0;13;2;86;138;74;44;10;17;15;98;45;59
Beaune;21054;37;43;0;5;1;30;6;53;396;34;181;15;62;41;202;117;107
Lannion;22113;10;20;0;18;3;25;6;60;254;18;90;48;37;18;152;139;110
Fougères;35115;0;18;0;3;1;40;4;46;167;9;85;8;43;19;103;130;84
L' Isle-sur-la-Sorgue;84054;45;27;0;1;1;28;2;86;219;18;118;12;43;27;114;86;75
Grande-Synthe;59271;2;7;0;3;0;40;6;31;98;20;34;4;16;3;49;75;47
Mont-Saint-Aignan;76451;1;10;0;0;0;7;3;23;105;5;43;37;63;24;203;107;79
Sarreguemines;57631;5;21;0;9;3;35;9;81;312;28;93;8;45;19;132;179;84
Cahors;46042;5;30;0;2;0;18;6;77;287;24;104;11;70;18;151;208;135
Bruges;33075;7;7;0;2;1;8;2;81;141;56;38;33;66;18;185;102;61
